name,version,latestVersion,repository,published,publisher,size,license,isProd,isDev,isOptional,isPeer,isBundled,parents
"export-to-sheets","1.0.0","-","-","-","-","-","-",false,false,false,false,false,""
"export-to-sheets","1.0.0","-","-","-","-","-","-",false,false,false,false,false,""
"@aashutoshrathi/word-wrap","1.2.6","-","-","-","-","-","-",false,true,false,true,false,"optionator@0.9.3"
"@arr/every","1.0.1","1.0.1","git+https://github.com/lukeed/arr.git","2019-10-23T11:58:42.623Z","lukeed (luke@lukeed.com)",1922,"MIT",true,false,false,false,false,"matchit@1.1.0"
"@azure/abort-controller","1.1.0","1.1.0","git+https://github.com/Azure/azure-sdk-for-js.git","2022-05-05T19:02:15.161Z","azure-sdk (azure-sdk-npmjs@microsoft.com)",65003,"MIT",true,false,false,false,false,"@azure/core-auth@1.5.0,@azure/core-client@1.7.3,@azure/core-http-compat@1.3.0,@azure/core-lro@2.5.4,@azure/core-rest-pipeline@1.12.1,@azure/core-util@1.5.0,@azure/identity@2.1.0,@azure/keyvault-keys@4.7.2"
"@azure/core-auth","1.5.0","1.5.0","git+https://github.com/Azure/azure-sdk-for-js.git","2023-08-03T22:26:25.788Z","azure-sdk (azure-sdk-npmjs@microsoft.com)",58386,"MIT",true,false,false,false,false,"@azure/core-client@1.7.3,@azure/core-rest-pipeline@1.12.1,@azure/identity@2.1.0,@azure/keyvault-keys@4.7.2"
"@azure/core-client","1.7.3","1.7.3","git+https://github.com/Azure/azure-sdk-for-js.git","2023-06-01T19:47:06.529Z","azure-sdk (azure-sdk-npmjs@microsoft.com)",671522,"MIT",true,false,false,false,false,"@azure/core-http-compat@1.3.0,@azure/identity@2.1.0,@azure/keyvault-keys@4.7.2"
"@azure/core-http-compat","1.3.0","2.0.1","git+https://github.com/Azure/azure-sdk-for-js.git","2022-05-05T18:20:50.557Z","azure-sdk (azure-sdk-npmjs@microsoft.com)",69827,"MIT",true,false,false,false,false,"@azure/keyvault-keys@4.7.2"
"@azure/core-lro","2.5.4","2.5.4","git+https://github.com/Azure/azure-sdk-for-js.git","2023-07-24T22:39:34.406Z","azure-sdk (azure-sdk-npmjs@microsoft.com)",316108,"MIT",true,false,false,false,false,"@azure/keyvault-keys@4.7.2"
"@azure/core-paging","1.5.0","1.5.0","git+https://github.com/Azure/azure-sdk-for-js.git","2023-02-02T23:56:15.823Z","azure-sdk (azure-sdk-npmjs@microsoft.com)",38417,"MIT",true,false,false,false,false,"@azure/keyvault-keys@4.7.2"
"@azure/core-rest-pipeline","1.12.1","1.12.1","git+https://github.com/Azure/azure-sdk-for-js.git","2023-09-07T18:13:12.705Z","azure-sdk (azure-sdk-npmjs@microsoft.com)",716438,"MIT",true,false,false,false,false,"@azure/core-client@1.7.3,@azure/core-http-compat@1.3.0,@azure/identity@2.1.0,@azure/keyvault-keys@4.7.2"
"agent-base","6.0.2","7.1.0","git://github.com/TooTallNate/node-agent-base.git","2020-10-23T19:33:15.354Z","tootallnate (nathan@tootallnate.net)",34582,"MIT",true,false,false,false,false,"https-proxy-agent@5.0.1,http-proxy-agent@5.0.0"
"https-proxy-agent","5.0.1","7.0.2","git://github.com/TooTallNate/node-https-proxy-agent.git","2022-04-14T18:42:00.761Z","tootallnate (nathan@tootallnate.net)",26008,"MIT",true,false,false,false,false,"@azure/core-rest-pipeline@1.12.1"
"@azure/core-tracing","1.0.1","1.0.1","git+https://github.com/Azure/azure-sdk-for-js.git","2022-05-05T18:43:17.020Z","azure-sdk (azure-sdk-npmjs@microsoft.com)",76778,"MIT",true,false,false,false,false,"@azure/core-client@1.7.3,@azure/core-rest-pipeline@1.12.1,@azure/identity@2.1.0,@azure/keyvault-keys@4.7.2"
"@azure/core-util","1.5.0","1.5.0","git+https://github.com/Azure/azure-sdk-for-js.git","2023-09-25T21:40:31.565Z","azure-sdk (azure-sdk-npmjs@microsoft.com)",126089,"MIT",true,false,false,false,false,"@azure/core-auth@1.5.0,@azure/core-client@1.7.3,@azure/core-lro@2.5.4,@azure/core-rest-pipeline@1.12.1,@azure/identity@2.1.0,@azure/keyvault-keys@4.7.2"
"@azure/identity","2.1.0","3.3.2","git+https://github.com/Azure/azure-sdk-for-js.git","2022-07-09T03:42:35.373Z","azure-sdk (azure-sdk-npmjs@microsoft.com)",1235951,"MIT",true,false,false,false,false,"tedious@16.5.0"
"define-lazy-prop","2.0.0","3.0.0","git+https://github.com/sindresorhus/define-lazy-prop.git","2019-04-10T08:37:45.646Z","sindresorhus (sindresorhus@gmail.com)",4446,"MIT",true,false,false,false,false,"open@8.4.2"
"is-docker","2.2.1","3.0.0","git+https://github.com/sindresorhus/is-docker.git","2021-04-09T08:59:11.367Z","sindresorhus (sindresorhus@gmail.com)",3013,"MIT",true,false,false,false,false,"open@8.4.2,is-wsl@2.2.0"
"open","8.4.2","9.1.0","git+https://github.com/sindresorhus/open.git","2023-02-20T12:43:33.252Z","sindresorhus (sindresorhus@gmail.com)",46288,"MIT",true,false,false,false,false,"@azure/identity@2.1.0"
"uuid","8.3.2","9.0.1","git+https://github.com/uuidjs/uuid.git","2020-12-08T20:38:36.233Z","ctavan (dev@tavan.de)",116098,"MIT",true,false,false,false,false,"@azure/identity@2.1.0,@azure/msal-node@1.18.3"
"@azure/keyvault-keys","4.7.2","4.7.2","git+https://github.com/Azure/azure-sdk-for-js.git","2023-08-10T22:55:23.373Z","azure-sdk (azure-sdk-npmjs@microsoft.com)",1264177,"MIT",true,false,false,false,false,"tedious@16.5.0"
"@azure/logger","1.0.4","1.0.4","git+https://github.com/Azure/azure-sdk-for-js.git","2023-03-02T19:27:55.533Z","azure-sdk (azure-sdk-npmjs@microsoft.com)",56633,"MIT",true,false,false,false,false,"@azure/core-client@1.7.3,@azure/core-lro@2.5.4,@azure/core-rest-pipeline@1.12.1,@azure/identity@2.1.0,@azure/keyvault-keys@4.7.2"
"@azure/msal-browser","2.38.2","3.2.0","git+https://github.com/AzureAD/microsoft-authentication-library-for-js.git","2023-08-24T19:53:02.569Z","azuread (nugetaad@microsoft.com)",6833935,"MIT",true,false,false,false,false,"@azure/identity@2.1.0"
"@azure/msal-common","13.3.0","14.1.0","git+https://github.com/AzureAD/microsoft-authentication-library-for-js.git","2023-08-24T19:51:57.162Z","azuread (nugetaad@microsoft.com)",2895853,"MIT",true,false,false,false,false,"@azure/msal-browser@2.38.2,@azure/msal-node@1.18.3"
"@azure/msal-common","7.6.0","14.1.0","git+https://github.com/AzureAD/microsoft-authentication-library-for-js.git","2022-10-10T22:49:00.744Z","azuread (nugetaad@microsoft.com)",2584783,"MIT",true,false,false,false,false,"@azure/identity@2.1.0"
"@azure/msal-node","1.18.3","2.2.0","git+https://github.com/AzureAD/microsoft-authentication-library-for-js.git","2023-09-05T19:09:22.759Z","azuread (nugetaad@microsoft.com)",961340,"MIT",true,false,false,false,false,"@azure/identity@2.1.0"
"@eslint-community/eslint-utils","4.4.0","-","-","-","-","-","-",false,true,false,true,false,"@typescript-eslint/utils@6.8.0,eslint@8.51.0"
"@eslint-community/regexpp","4.9.1","-","-","-","-","-","-",false,true,false,true,false,"@typescript-eslint/eslint-plugin@6.8.0,eslint@8.51.0"
"@eslint/eslintrc","2.1.2","-","-","-","-","-","-",false,true,false,true,false,"eslint@8.51.0"
"@eslint/js","8.51.0","-","-","-","-","-","-",false,true,false,true,false,"eslint@8.51.0"
"@humanwhocodes/config-array","0.11.11","-","-","-","-","-","-",false,true,false,true,false,"eslint@8.51.0"
"@humanwhocodes/module-importer","1.0.1","-","-","-","-","-","-",false,true,false,true,false,"eslint@8.51.0"
"@humanwhocodes/object-schema","1.2.1","-","-","-","-","-","-",false,true,false,true,false,"@humanwhocodes/config-array@0.11.11"
"@js-joda/core","5.6.1","5.6.1","git+https://github.com/js-joda/js-joda.git","2023-10-12T10:35:17.925Z","pithu (pts@thuerwaechter.de)",7700315,"BSD-3-Clause",true,false,false,false,false,"tedious@16.5.0"
"@keyvhq/core","2.1.0","2.1.0","git+https://github.com/microlinkhq/keyvhq.git","2023-09-29T18:14:05.233Z","kikobeats (josefrancisco.verdu@gmail.com)",7300,"MIT",true,false,false,false,false,"export-to-sheets@1.0.0"
"@keyvhq/sql","2.0.0","2.0.0","git+https://github.com/microlinkhq/keyv.git","2023-04-22T13:30:19.232Z","kikobeats (josefrancisco.verdu@gmail.com)",5955,"MIT",true,false,false,false,false,"@keyvhq/sqlite@2.1.0"
"@keyvhq/sqlite","2.1.0","2.1.0","git+https://github.com/microlinkhq/keyv.git","2023-09-29T18:14:04.829Z","kikobeats (josefrancisco.verdu@gmail.com)",5462,"MIT",true,false,false,false,false,"export-to-sheets@1.0.0"
"@nodelib/fs.scandir","2.1.5","-","-","-","-","-","-",false,true,false,false,false,"@nodelib/fs.walk@1.2.8"
"@nodelib/fs.stat","2.0.5","-","-","-","-","-","-",false,true,false,false,false,"@nodelib/fs.scandir@2.1.5,fast-glob@3.3.1"
"@nodelib/fs.walk","1.2.8","-","-","-","-","-","-",false,true,false,true,false,"eslint@8.51.0,fast-glob@3.3.1"
"@pkgr/utils","2.4.2","-","-","-","-","-","-",false,true,false,false,false,"synckit@0.8.5"
"@polka/url","0.5.0","0.5.0","https://github.com/lukeed/polka.git","2018-09-18T18:17:32.381Z","lukeed (luke@lukeed.com)",3717,"MIT",true,false,false,false,false,"polka@0.5.2"
"@tootallnate/once","2.0.0","3.0.0","git://github.com/TooTallNate/once.git","2021-09-22T23:50:52.041Z","tootallnate (nathan@tootallnate.net)",16332,"MIT",true,false,false,false,false,"http-proxy-agent@5.0.0"
"@types/body-parser","1.19.3","-","-","-","-","-","-",false,true,false,false,false,"@types/express@4.17.19"
"@types/connect","3.4.36","-","-","-","-","-","-",false,true,false,false,false,"@types/body-parser@1.19.3"
"@types/express","4.17.19","-","-","-","-","-","-",false,true,false,false,false,"@types/polka@0.5.5"
"@types/express-serve-static-core","4.17.37","-","-","-","-","-","-",false,true,false,false,false,"@types/express@4.17.19,@types/polka@0.5.5"
"@types/http-errors","2.0.2","-","-","-","-","-","-",false,true,false,false,false,"@types/serve-static@1.15.3"
"@types/json-schema","7.0.13","-","-","-","-","-","-",false,true,false,false,false,"@typescript-eslint/utils@6.8.0"
"@types/luxon","3.3.2","3.3.2","https://github.com/DefinitelyTyped/DefinitelyTyped.git","2023-08-30T19:59:17.480Z","types (ts-npm-types@microsoft.com)",115325,"MIT",true,false,false,false,false,"cron@3.1.1"
"@types/mime","1.3.3","-","-","-","-","-","-",false,true,false,false,false,"@types/send@0.17.2,@types/serve-static@1.15.3"
"@types/node","18.18.5","-","-","-","-","-","-",false,true,false,false,false,"@types/body-parser@1.19.3,@types/connect@3.4.36,@types/express-serve-static-core@4.17.37,@types/polka@0.5.5,@types/send@0.17.2,@types/serve-static@1.15.3,@types/tedious@4.0.12,export-to-sheets@1.0.0"
"@types/polka","0.5.5","-","-","-","-","-","-",false,true,false,false,false,"export-to-sheets@1.0.0"
"@types/qs","6.9.8","-","-","-","-","-","-",false,true,false,false,false,"@types/express@4.17.19,@types/express-serve-static-core@4.17.37"
"@types/range-parser","1.2.5","-","-","-","-","-","-",false,true,false,false,false,"@types/express-serve-static-core@4.17.37"
"@types/semver","7.5.3","-","-","-","-","-","-",false,true,false,false,false,"@typescript-eslint/utils@6.8.0"
"@types/send","0.17.2","-","-","-","-","-","-",false,true,false,false,false,"@types/express-serve-static-core@4.17.37"
"@types/serve-static","1.15.3","-","-","-","-","-","-",false,true,false,false,false,"@types/express@4.17.19"
"@types/tedious","4.0.12","-","-","-","-","-","-",false,true,false,false,false,"export-to-sheets@1.0.0"
"@types/trouter","3.1.2","-","-","-","-","-","-",false,true,false,false,false,"@types/polka@0.5.5"
"@typescript-eslint/eslint-plugin","6.8.0","-","-","-","-","-","-",false,true,false,false,false,"export-to-sheets@1.0.0"
"@typescript-eslint/parser","6.8.0","-","-","-","-","-","-",false,true,false,true,false,"export-to-sheets@1.0.0,@typescript-eslint/eslint-plugin@6.8.0"
"@typescript-eslint/scope-manager","6.8.0","-","-","-","-","-","-",false,true,false,true,false,"@typescript-eslint/eslint-plugin@6.8.0,@typescript-eslint/parser@6.8.0,@typescript-eslint/utils@6.8.0"
"@typescript-eslint/type-utils","6.8.0","-","-","-","-","-","-",false,true,false,false,false,"@typescript-eslint/eslint-plugin@6.8.0"
"@typescript-eslint/types","6.8.0","-","-","-","-","-","-",false,true,false,true,false,"@typescript-eslint/parser@6.8.0,@typescript-eslint/scope-manager@6.8.0,@typescript-eslint/typescript-estree@6.8.0,@typescript-eslint/utils@6.8.0,@typescript-eslint/visitor-keys@6.8.0"
"@typescript-eslint/typescript-estree","6.8.0","-","-","-","-","-","-",false,true,false,true,false,"@typescript-eslint/parser@6.8.0,@typescript-eslint/type-utils@6.8.0,@typescript-eslint/utils@6.8.0"
"@typescript-eslint/utils","6.8.0","-","-","-","-","-","-",false,true,false,false,false,"@typescript-eslint/eslint-plugin@6.8.0,@typescript-eslint/type-utils@6.8.0"
"@typescript-eslint/visitor-keys","6.8.0","-","-","-","-","-","-",false,true,false,true,false,"@typescript-eslint/eslint-plugin@6.8.0,@typescript-eslint/parser@6.8.0,@typescript-eslint/scope-manager@6.8.0,@typescript-eslint/typescript-estree@6.8.0"
"@vercel/ncc","0.38.0","-","-","-","-","-","-",false,true,false,false,false,"export-to-sheets@1.0.0"
"@vscode/sqlite3","5.1.2","5.1.6-vscode","git+https://github.com/microsoft/vscode-node-sqlite3.git","2022-11-14T15:40:51.090Z","bpasero (benjpas@microsoft.com)",3216286,"BSD-3-Clause",true,false,false,false,false,"@keyvhq/sqlite@2.1.0"
"abbrev","1.1.1","-","-","-","-","-","-",false,true,false,false,false,"nopt@1.0.10"
"abort-controller","3.0.0","3.0.0","git+https://github.com/mysticatea/abort-controller.git","2019-03-30T09:15:32.384Z","mysticatea (star.ctor@gmail.com)",76297,"MIT",true,false,false,false,false,"readable-stream@4.4.2"
"acorn","8.10.0","-","-","-","-","-","-",false,true,false,true,false,"espree@9.6.1,acorn-jsx@5.3.2"
"acorn-jsx","5.3.2","-","-","-","-","-","-",false,true,false,true,false,"espree@9.6.1"
"agent-base","7.1.0","7.1.0","git+https://github.com/TooTallNate/proxy-agents.git","2023-05-24T22:09:57.729Z","tootallnate (nathan@tootallnate.net)",23496,"MIT",true,false,false,false,false,"https-proxy-agent@7.0.2"
"ajv","6.12.6","-","-","-","-","-","-",false,true,false,true,false,"@eslint/eslintrc@2.1.2,eslint@8.51.0"
"ansi-regex","5.0.1","-","-","-","-","-","-",false,true,false,true,false,"strip-ansi@6.0.1"
"ansi-styles","4.3.0","-","-","-","-","-","-",false,true,false,true,false,"chalk@4.1.2"
"anymatch","3.1.3","-","-","-","-","-","-",false,true,false,false,false,"chokidar@3.5.3"
"argparse","2.0.1","-","-","-","-","-","-",false,true,false,true,false,"js-yaml@4.1.0"
"array-buffer-byte-length","1.0.0","1.0.0","git+https://github.com/inspect-js/array-buffer-byte-length.git","2023-02-28T20:50:50.182Z","ljharb (ljharb@gmail.com)",8053,"MIT",true,false,false,false,false,"arraybuffer.prototype.slice@1.0.2,es-abstract@1.22.2"
"array-union","2.1.0","-","-","-","-","-","-",false,true,false,false,false,"globby@11.1.0"
"arraybuffer.prototype.slice","1.0.2","1.0.2","git+https://github.com/es-shims/ArrayBuffer.prototype.slice.git","2023-09-06T00:42:56.967Z","ljharb (ljharb@gmail.com)",19387,"MIT",true,false,false,false,false,"es-abstract@1.22.2"
"asynckit","0.4.0","0.4.0","git+https://github.com/alexindigo/asynckit.git","2016-06-14T18:29:05.418Z","alexindigo (iam@alexindigo.com)","-","MIT",true,false,false,false,false,"form-data@4.0.0"
"available-typed-arrays","1.0.5","1.0.5","git+https://github.com/inspect-js/available-typed-arrays.git","2021-08-31T02:24:03.721Z","ljharb (ljharb@gmail.com)",14129,"MIT",true,false,false,false,false,"es-abstract@1.22.2,typed-array-byte-offset@1.0.0,which-typed-array@1.1.11"
"axios","1.5.1","1.5.1","git+https://github.com/axios/axios.git","2023-09-26T18:22:12.460Z","jasonsaayman (jasonsaayman@gmail.com)",1769525,"MIT",true,false,false,false,false,"export-to-sheets@1.0.0,axios-ntlm@1.4.1"
"axios-ntlm","1.4.1","1.4.1","git+https://github.com/catbuttes/axios-ntlm.git","2023-02-15T21:25:41.130Z","catbuttes (Catbuttes@outlook.com)",54671,"MIT",true,false,false,false,false,"export-to-sheets@1.0.0"
"balanced-match","1.0.2","-","-","-","-","-","-",false,true,false,true,false,"brace-expansion@1.1.11"
"base64-js","1.5.1","1.5.1","git://github.com/beatgammit/base64-js.git","2020-11-11T19:33:48.234Z","feross (feross@feross.org)",9624,"MIT",true,false,false,false,false,"buffer@6.0.3,google-auth-library@9.1.0"
"big-integer","1.6.51","-","-","-","-","-","-",false,true,false,false,false,"bplist-parser@0.2.0"
"bignumber.js","9.1.2","9.1.2","git+https://github.com/MikeMcl/bignumber.js.git","2023-08-28T12:15:45.587Z","mikemcl (M8ch88l@gmail.com)",350686,"MIT",true,false,false,false,false,"json-bigint@1.0.0"
"binary-extensions","2.2.0","-","-","-","-","-","-",false,true,false,false,false,"is-binary-path@2.1.0"
"bl","6.0.7","6.0.7","git+https://github.com/rvagg/bl.git","2023-08-25T00:48:47.778Z","rvagg (r@va.gg)",90314,"MIT",true,false,false,false,false,"tedious@16.5.0"
"bluebird","3.7.2","3.7.2","git://github.com/petkaantonov/bluebird.git","2019-11-28T22:55:40.312Z","esailija (petka_antonov@hotmail.com)",632380,"MIT",true,false,false,false,false,"csvtojson@2.0.10"
"boolbase","1.0.0","1.0.0","https://github.com/fb55/boolbase","2014-02-15T14:44:50.620Z","feedic (me@feedic.com)","-","ISC",true,false,false,false,false,"cheerio-select@2.1.0,css-select@5.1.0,nth-check@2.1.1"
"bplist-parser","0.2.0","-","-","-","-","-","-",false,true,false,false,false,"default-browser-id@3.0.0"
"brace-expansion","1.1.11","-","-","-","-","-","-",false,true,false,true,false,"minimatch@3.1.2"
"braces","3.0.2","-","-","-","-","-","-",false,true,false,false,false,"chokidar@3.5.3,micromatch@4.0.5"
"buffer","6.0.3","6.0.3","git://github.com/feross/buffer.git","2020-11-23T02:51:27.107Z","feross (feross@feross.org)",91279,"MIT",true,false,false,false,false,"bl@6.0.7,readable-stream@4.4.2"
"buffer-equal-constant-time","1.0.1","1.0.1","git@github.com:goinstant/buffer-equal-constant-time.git","2013-12-16T20:12:17.799Z","goinstant (support@goinstant.com)","-","BSD-3-Clause",true,false,false,false,false,"jwa@2.0.0"
"bundle-name","3.0.0","-","-","-","-","-","-",false,true,false,false,false,"default-browser@4.0.0"
"call-bind","1.0.2","1.0.2","git+https://github.com/ljharb/call-bind.git","2021-01-11T22:36:43.651Z","ljharb (ljharb@gmail.com)",14748,"MIT",true,false,false,false,false,"array-buffer-byte-length@1.0.0,arraybuffer.prototype.slice@1.0.2,es-abstract@1.22.2,function.prototype.name@1.1.6,get-symbol-description@1.0.0,is-array-buffer@3.0.2,is-boolean-object@1.1.2,is-regex@1.1.4,is-shared-array-buffer@1.0.2,is-weakref@1.0.2,object.assign@4.1.4,regexp.prototype.flags@1.5.1,safe-array-concat@1.0.1,safe-regex-test@1.0.0,side-channel@1.0.4,string.prototype.trim@1.2.8,string.prototype.trimend@1.0.7,string.prototype.trimstart@1.0.7,typed-array-buffer@1.0.0,typed-array-byte-length@1.0.0,typed-array-byte-offset@1.0.0,typed-array-length@1.0.4,unbox-primitive@1.0.2,which-typed-array@1.1.11"
"callsites","3.1.0","-","-","-","-","-","-",false,true,false,true,false,"parent-module@1.0.1"
"chalk","4.1.2","-","-","-","-","-","-",false,true,false,true,false,"eslint@8.51.0"
"cheerio","1.0.0-rc.12","1.0.0-rc.12","git://github.com/cheeriojs/cheerio.git","2022-06-26T13:33:54.305Z","feedic (me@feedic.com)",557840,"MIT",true,false,false,false,false,"export-to-sheets@1.0.0"
"cheerio-select","2.1.0","2.1.0","git://github.com/cheeriojs/cheerio-select.git","2022-05-16T10:50:56.847Z","feedic (me@feedic.com)",62620,"BSD-2-Clause",true,false,false,false,false,"cheerio@1.0.0-rc.12"
"chokidar","3.5.3","-","-","-","-","-","-",false,true,false,false,false,"nodemon@3.0.1"
"glob-parent","5.1.2","-","-","-","-","-","-",false,true,false,false,false,"chokidar@3.5.3,fast-glob@3.3.1"
"chownr","2.0.0","2.0.0","git://github.com/isaacs/chownr.git","2020-02-12T02:33:07.865Z","isaacs (i@izs.me)",5748,"ISC",true,false,false,false,false,"tar@6.2.0"
"color-convert","2.0.1","-","-","-","-","-","-",false,true,false,true,false,"ansi-styles@4.3.0"
"color-name","1.1.4","-","-","-","-","-","-",false,true,false,true,false,"color-convert@2.0.1"
"colorette","2.0.19","2.0.20","git+https://github.com/jorgebucaran/colorette.git","2022-06-14T15:07:03.210Z","jorgebucaran (mail@jorgebucaran.com)",16978,"MIT",true,false,false,false,false,"knex@3.0.1"
"combined-stream","1.0.8","1.0.8","git://github.com/felixge/node-combined-stream.git","2019-05-12T17:49:45.337Z","alexindigo (iam@alexindigo.com)",11514,"MIT",true,false,false,false,false,"form-data@4.0.0"
"commander","10.0.1","11.1.0","git+https://github.com/tj/commander.js.git","2023-04-15T05:01:56.178Z","abetomo (abe@enzou.tokyo)",174283,"MIT",true,false,false,false,false,"knex@3.0.1"
"concat-map","0.0.1","-","-","-","-","-","-",false,true,false,true,false,"brace-expansion@1.1.11"
"cron","3.1.1","3.1.1","git+https://github.com/kelektiv/node-cron.git","2023-10-12T22:38:28.387Z","intcreator (intcreator@gmail.com)",63101,"MIT",true,false,false,false,false,"export-to-sheets@1.0.0"
"cross-spawn","7.0.3","-","-","-","-","-","-",false,true,false,true,false,"@pkgr/utils@2.4.2,eslint@8.51.0,execa@5.1.1"
"css-select","5.1.0","5.1.0","git://github.com/fb55/css-select.git","2022-04-27T18:29:37.203Z","feedic (me@feedic.com)",224084,"BSD-2-Clause",true,false,false,false,false,"cheerio-select@2.1.0"
"css-what","6.1.0","6.1.0","git+https://github.com/fb55/css-what.git","2022-03-31T13:20:41.689Z","feedic (me@feedic.com)",66038,"BSD-2-Clause",true,false,false,false,false,"cheerio-select@2.1.0,css-select@5.1.0"
"csvtojson","2.0.10","2.0.10","git+https://github.com/Keyang/node-csvtojson.git","2019-06-26T22:54:15.731Z","keyang (keyang.xiang@gmail.com)",8685360,"MIT",true,false,false,false,false,"export-to-sheets@1.0.0"
"dayjs","1.11.10","1.11.10","git+https://github.com/iamkun/dayjs.git","2023-09-19T14:07:20.710Z","iamkun (kunhello@outlook.com)",663560,"MIT",true,false,false,false,false,"export-to-sheets@1.0.0"
"debug","4.3.4","4.3.4","git://github.com/debug-js/debug.git","2022-03-17T13:38:47.641Z","qix (josh@junon.me)",42352,"MIT",true,true,false,true,false,"agent-base@6.0.2,https-proxy-agent@7.0.2,@eslint/eslintrc@2.1.2,@humanwhocodes/config-array@0.11.11,@typescript-eslint/eslint-plugin@6.8.0,@typescript-eslint/parser@6.8.0,@typescript-eslint/type-utils@6.8.0,@typescript-eslint/typescript-estree@6.8.0,eslint@8.51.0,http-proxy-agent@5.0.0,knex@3.0.1"
"decode-uri-component","0.4.1","0.4.1","git+https://github.com/SamVerschueren/decode-uri-component.git","2022-12-19T09:20:12.140Z","samverschueren (sam.verschueren@gmail.com)",6522,"MIT",true,false,false,false,false,"query-string@8.1.0"
"deep-is","0.1.4","-","-","-","-","-","-",false,true,false,true,false,"optionator@0.9.3"
"default-browser","4.0.0","-","-","-","-","-","-",false,true,false,false,false,"open@9.1.0"
"default-browser-id","3.0.0","-","-","-","-","-","-",false,true,false,false,false,"default-browser@4.0.0"
"define-data-property","1.1.1","1.1.1","git+https://github.com/ljharb/define-data-property.git","2023-10-13T04:26:04.684Z","ljharb (ljharb@gmail.com)",29240,"MIT",true,false,false,false,false,"define-properties@1.2.1,es-aggregate-error@1.0.11,set-function-name@2.0.1"
"define-lazy-prop","3.0.0","-","-","-","-","-","-",false,true,false,false,false,"open@9.1.0"
"define-properties","1.2.1","1.2.1","git://github.com/ljharb/define-properties.git","2023-09-13T06:05:13.962Z","ljharb (ljharb@gmail.com)",12890,"MIT",true,false,false,false,false,"arraybuffer.prototype.slice@1.0.2,es-aggregate-error@1.0.11,function.prototype.name@1.1.6,globalthis@1.0.3,object.assign@4.1.4,regexp.prototype.flags@1.5.1,string.prototype.trim@1.2.8,string.prototype.trimend@1.0.7,string.prototype.trimstart@1.0.7"
"delayed-stream","1.0.0","1.0.0","git://github.com/felixge/node-delayed-stream.git","2015-04-30T22:10:29.726Z","apechimp (apeherder@gmail.com)","-","MIT",true,false,false,false,false,"combined-stream@1.0.8"
"des.js","1.1.0","1.1.0","git+ssh://git@github.com/indutny/des.js.git","2023-05-29T14:33:38.542Z","indutny (blackhole@livebox.sh)",39826,"MIT",true,false,false,false,false,"axios-ntlm@1.4.1"
"dev-null","0.1.1","0.1.1","git://github.com/thlorenz/dev-null.git","2013-09-10T10:52:53.792Z","thlorenz (thlorenz@gmx.de)","-","MIT",true,false,false,false,false,"axios-ntlm@1.4.1"
"dir-glob","3.0.1","-","-","-","-","-","-",false,true,false,false,false,"globby@11.1.0"
"doctrine","3.0.0","-","-","-","-","-","-",false,true,false,true,false,"eslint@8.51.0"
"dom-serializer","2.0.0","2.0.0","git://github.com/cheeriojs/dom-serializer.git","2022-04-09T17:21:48.457Z","feedic (me@feedic.com)",28813,"MIT",true,false,false,false,false,"cheerio@1.0.0-rc.12,domutils@3.1.0"
"domelementtype","2.3.0","2.3.0","git://github.com/fb55/domelementtype.git","2022-04-07T11:41:20.402Z","feedic (me@feedic.com)",11359,"BSD-2-Clause",true,false,false,false,false,"cheerio-select@2.1.0,dom-serializer@2.0.0,domhandler@5.0.3,domutils@3.1.0,htmlparser2@8.0.2"
"domhandler","5.0.3","5.0.3","git://github.com/fb55/domhandler.git","2022-04-30T11:00:14.978Z","feedic (me@feedic.com)",75339,"BSD-2-Clause",true,false,false,false,false,"cheerio@1.0.0-rc.12,cheerio-select@2.1.0,css-select@5.1.0,dom-serializer@2.0.0,domutils@3.1.0,htmlparser2@8.0.2,parse5-htmlparser2-tree-adapter@7.0.0"
"domutils","3.1.0","3.1.0","git://github.com/fb55/domutils.git","2023-04-29T09:44:53.797Z","feedic (me@feedic.com)",162047,"BSD-2-Clause",true,false,false,false,false,"cheerio@1.0.0-rc.12,cheerio-select@2.1.0,css-select@5.1.0,htmlparser2@8.0.2"
"dotenv","16.3.1","16.3.1","git://github.com/motdotla/dotenv.git","2023-06-17T16:47:53.971Z","motdotla (mot@mot.la)",71560,"BSD-2-Clause",true,false,false,false,false,"export-to-sheets@1.0.0"
"ecdsa-sig-formatter","1.0.11","1.0.11","git+ssh://git@github.com/Brightspace/node-ecdsa-sig-formatter.git","2019-01-25T21:32:13.447Z","d2l-travis-deploy (d2ltravisdeploy@d2l.com)",20588,"Apache-2.0",true,false,false,false,false,"google-auth-library@9.1.0,jwa@2.0.0"
"entities","4.5.0","4.5.0","git://github.com/fb55/entities.git","2023-04-13T17:57:56.308Z","feedic (me@feedic.com)",412892,"BSD-2-Clause",true,false,false,false,false,"dom-serializer@2.0.0,htmlparser2@8.0.2,parse5@7.1.2"
"es-abstract","1.22.2","1.22.2","git://github.com/ljharb/es-abstract.git","2023-09-14T16:17:04.763Z","ljharb (ljharb@gmail.com)",2021721,"MIT",true,false,false,false,false,"arraybuffer.prototype.slice@1.0.2,es-aggregate-error@1.0.11,function.prototype.name@1.1.6,string.prototype.trim@1.2.8,string.prototype.trimend@1.0.7,string.prototype.trimstart@1.0.7"
"es-aggregate-error","1.0.11","1.0.11","git+https://github.com/es-shims/AggregateError.git","2023-09-13T21:29:32.132Z","ljharb (ljharb@gmail.com)",26998,"MIT",true,false,false,false,false,"tedious@16.5.0"
"es-set-tostringtag","2.0.1","2.0.1","git+https://github.com/es-shims/es-set-tostringtag.git","2023-01-05T19:03:31.354Z","ljharb (ljharb@gmail.com)",8908,"MIT",true,false,false,false,false,"es-abstract@1.22.2"
"es-to-primitive","1.2.1","1.2.1","git://github.com/ljharb/es-to-primitive.git","2019-11-09T06:27:50.488Z","ljharb (ljharb@gmail.com)",40434,"MIT",true,false,false,false,false,"es-abstract@1.22.2"
"escalade","3.1.1","3.1.1","git+https://github.com/lukeed/escalade.git","2020-10-13T06:03:44.007Z","lukeed (luke@lukeed.com)",11434,"MIT",true,false,false,false,false,"knex@3.0.1"
"escape-string-regexp","4.0.0","-","-","-","-","-","-",false,true,false,true,false,"eslint@8.51.0"
"eslint","8.51.0","-","-","-","-","-","-",false,true,false,true,false,"export-to-sheets@1.0.0,@eslint-community/eslint-utils@4.4.0,@typescript-eslint/eslint-plugin@6.8.0,@typescript-eslint/parser@6.8.0,@typescript-eslint/type-utils@6.8.0,@typescript-eslint/utils@6.8.0,eslint-plugin-es@3.0.1,eslint-plugin-node@11.1.0,eslint-plugin-prettier@5.0.1"
"eslint-plugin-es","3.0.1","-","-","-","-","-","-",false,true,false,false,false,"eslint-plugin-node@11.1.0"
"eslint-plugin-node","11.1.0","-","-","-","-","-","-",false,true,false,false,false,"export-to-sheets@1.0.0"
"semver","6.3.1","-","-","-","-","-","-",false,true,false,false,false,"eslint-plugin-node@11.1.0"
"eslint-plugin-prettier","5.0.1","-","-","-","-","-","-",false,true,false,false,false,"export-to-sheets@1.0.0"
"eslint-scope","7.2.2","-","-","-","-","-","-",false,true,false,true,false,"eslint@8.51.0"
"eslint-utils","2.1.0","-","-","-","-","-","-",false,true,false,false,false,"eslint-plugin-es@3.0.1,eslint-plugin-node@11.1.0"
"eslint-visitor-keys","1.3.0","-","-","-","-","-","-",false,true,false,false,false,"eslint-utils@2.1.0"
"eslint-visitor-keys","3.4.3","-","-","-","-","-","-",false,true,false,true,false,"@eslint-community/eslint-utils@4.4.0,@typescript-eslint/visitor-keys@6.8.0,eslint@8.51.0,espree@9.6.1"
"esm","3.2.25","3.2.25","git+https://github.com/standard-things/esm.git","2019-05-17T05:24:41.368Z","jdalton (john.david.dalton@gmail.com)",308556,"MIT",true,false,false,false,false,"knex@3.0.1"
"espree","9.6.1","-","-","-","-","-","-",false,true,false,true,false,"@eslint/eslintrc@2.1.2,eslint@8.51.0"
"esquery","1.5.0","-","-","-","-","-","-",false,true,false,true,false,"eslint@8.51.0"
"esrecurse","4.3.0","-","-","-","-","-","-",false,true,false,true,false,"eslint-scope@7.2.2"
"estraverse","5.3.0","-","-","-","-","-","-",false,true,false,true,false,"eslint-scope@7.2.2,esquery@1.5.0,esrecurse@4.3.0"
"esutils","2.0.3","-","-","-","-","-","-",false,true,false,true,false,"doctrine@3.0.0,eslint@8.51.0"
"event-target-shim","5.0.1","6.0.2","git+https://github.com/mysticatea/event-target-shim.git","2019-02-19T06:00:52.075Z","mysticatea (star.ctor@gmail.com)",188883,"MIT",true,false,false,false,false,"abort-controller@3.0.0"
"events","3.3.0","3.3.0","git://github.com/Gozala/events.git","2021-02-27T16:51:27.318Z","goto-bus-stop (renee@kooi.me)",82778,"MIT",true,false,false,false,false,"@azure/identity@2.1.0,readable-stream@4.4.2"
"execa","7.2.0","-","-","-","-","-","-",false,true,false,false,false,"default-browser@4.0.0"
"is-stream","3.0.0","-","-","-","-","-","-",false,true,false,false,false,"execa@7.2.0"
"extend","3.0.2","3.0.2","git+https://github.com/justmoon/node-extend.git","2018-07-19T20:28:11.447Z","ljharb (ljharb@gmail.com)",23461,"MIT",true,false,false,false,false,"gaxios@6.1.1,googleapis-common@7.0.0"
"fast-deep-equal","3.1.3","-","-","-","-","-","-",false,true,false,true,false,"ajv@6.12.6,eslint@8.51.0"
"fast-diff","1.3.0","-","-","-","-","-","-",false,true,false,false,false,"prettier-linter-helpers@1.0.0"
"fast-glob","3.3.1","-","-","-","-","-","-",false,true,false,false,false,"@pkgr/utils@2.4.2,globby@11.1.0"
"fast-json-stable-stringify","2.1.0","-","-","-","-","-","-",false,true,false,true,false,"ajv@6.12.6"
"fast-levenshtein","2.0.6","-","-","-","-","-","-",false,true,false,true,false,"optionator@0.9.3"
"fast-xml-parser","4.3.2","4.3.2","git+https://github.com/NaturalIntelligence/fast-xml-parser.git","2023-10-02T12:32:58.413Z","amitgupta (amitgupta.gwl@gmail.com)",106531,"MIT",true,false,false,false,false,"export-to-sheets@1.0.0"
"fastq","1.15.0","-","-","-","-","-","-",false,true,false,false,false,"@nodelib/fs.walk@1.2.8"
"fetch-blob","3.2.0","4.0.0","git+https://github.com/node-fetch/fetch-blob.git","2022-07-06T17:45:31.179Z","endless (jimmy@warting.se)",21755,"MIT",true,false,false,false,false,"formdata-polyfill@4.0.10"
"web-streams-polyfill","3.2.1","3.2.1","git+https://github.com/MattiasBuelens/web-streams-polyfill.git","2022-04-07T20:29:00.636Z","mattiasbuelens (mattias.buelens@gmail.com)",7614396,"MIT",true,false,false,false,false,"fetch-blob@3.2.0"
"file-entry-cache","6.0.1","-","-","-","-","-","-",false,true,false,true,false,"eslint@8.51.0"
"fill-range","7.0.1","-","-","-","-","-","-",false,true,false,false,false,"braces@3.0.2"
"filter-obj","5.1.0","5.1.0","git+https://github.com/sindresorhus/filter-obj.git","2022-07-30T18:02:09.416Z","sindresorhus (sindresorhus@gmail.com)",5936,"MIT",true,false,false,false,false,"query-string@8.1.0"
"find-up","5.0.0","-","-","-","-","-","-",false,true,false,true,false,"eslint@8.51.0"
"flat-cache","3.1.1","-","-","-","-","-","-",false,true,false,true,false,"file-entry-cache@6.0.1"
"flatted","3.2.9","-","-","-","-","-","-",false,true,false,true,false,"flat-cache@3.1.1"
"follow-redirects","1.15.3","1.15.3","git+ssh://git@github.com/follow-redirects/follow-redirects.git","2023-09-19T18:51:48.020Z","rubenverborgh (ruben@verborgh.org)",28600,"MIT",true,false,false,false,false,"axios@1.5.1"
"for-each","0.3.3","0.3.3","git://github.com/Raynos/for-each.git","2018-06-02T05:30:56.680Z","ljharb (ljharb@gmail.com)",13033,"MIT",true,false,false,false,false,"typed-array-byte-length@1.0.0,typed-array-byte-offset@1.0.0,typed-array-length@1.0.4,which-typed-array@1.1.11"
"form-data","4.0.0","4.0.0","git://github.com/form-data/form-data.git","2021-02-15T17:38:54.740Z","niftylettuce (niftylettuce@gmail.com)",43381,"MIT",true,false,false,false,false,"@azure/core-rest-pipeline@1.12.1,axios@1.5.1"
"formdata-node","5.0.1","5.0.1","git+https://github.com/octet-stream/form-data.git","2023-05-30T15:09:10.331Z","octetstream (nick.kruchinin@gmail.com)",63347,"MIT",true,false,false,false,false,"export-to-sheets@1.0.0"
"formdata-polyfill","4.0.10","4.0.10","git+https://jimmywarting@github.com/jimmywarting/FormData.git","2021-09-30T13:07:58.251Z","endless (jimmy@warting.se)",32220,"MIT",true,false,false,false,false,"export-to-sheets@1.0.0"
"fs-minipass","2.1.0","3.0.3","git+https://github.com/npm/fs-minipass.git","2020-01-21T17:39:07.791Z","isaacs (i@izs.me)",14089,"ISC",true,false,false,false,false,"tar@6.2.0"
"minipass","3.3.6","7.0.4","git+https://github.com/isaacs/minipass.git","2022-11-25T07:54:48.420Z","isaacs (i@izs.me)",48090,"ISC",true,false,false,false,false,"fs-minipass@2.1.0,minizlib@2.1.2"
"fs.realpath","1.0.0","-","-","-","-","-","-",false,true,false,true,false,"glob@7.2.3"
"fsevents","2.3.3","-","-","-","-","-","-",false,true,true,false,false,"chokidar@3.5.3"
"function-bind","1.1.2","1.1.2","git+https://github.com/Raynos/function-bind.git","2023-10-12T19:08:19.687Z","ljharb (ljharb@gmail.com)",31427,"MIT",true,false,false,false,false,"call-bind@1.0.2,es-aggregate-error@1.0.11,get-intrinsic@1.2.1"
"function.prototype.name","1.1.6","1.1.6","git://github.com/es-shims/Function.prototype.name.git","2023-08-28T16:43:53.198Z","ljharb (ljharb@gmail.com)",25493,"MIT",true,false,false,false,false,"es-abstract@1.22.2"
"functions-have-names","1.2.3","1.2.3","git+https://github.com/inspect-js/functions-have-names.git","2022-04-19T17:44:53.457Z","ljharb (ljharb@gmail.com)",16715,"MIT",true,false,false,false,false,"function.prototype.name@1.1.6,set-function-name@2.0.1"
"gaxios","6.1.1","6.1.1","git+https://github.com/googleapis/gaxios.git","2023-09-07T02:39:16.150Z","google-wombot (node-team-npm+wombot@google.com)",87517,"Apache-2.0",true,false,false,false,false,"gcp-metadata@6.0.0,google-auth-library@9.1.0,googleapis-common@7.0.0,gtoken@7.0.1"
"gcp-metadata","6.0.0","6.0.0","git+https://github.com/googleapis/gcp-metadata.git","2023-07-19T20:46:40.770Z","google-wombot (node-team-npm+wombot@google.com)",75640,"Apache-2.0",true,false,false,false,false,"google-auth-library@9.1.0"
"get-intrinsic","1.2.1","1.2.1","git+https://github.com/ljharb/get-intrinsic.git","2023-05-14T06:14:14.066Z","ljharb (ljharb@gmail.com)",39285,"MIT",true,false,false,false,false,"arraybuffer.prototype.slice@1.0.2,call-bind@1.0.2,define-data-property@1.1.1,es-abstract@1.22.2,es-aggregate-error@1.0.11,es-set-tostringtag@2.0.1,get-symbol-description@1.0.0,gopd@1.0.1,has-property-descriptors@1.0.0,internal-slot@1.0.5,is-array-buffer@3.0.2,safe-array-concat@1.0.1,safe-regex-test@1.0.0,side-channel@1.0.4,typed-array-buffer@1.0.0"
"get-package-type","0.1.0","0.1.0","git+https://github.com/cfware/get-package-type.git","2020-05-19T09:28:37.496Z","coreyfarrell (git@cfware.com)",6012,"MIT",true,false,false,false,false,"knex@3.0.1"
"get-stream","6.0.1","-","-","-","-","-","-",false,true,false,false,false,"execa@5.1.1"
"get-symbol-description","1.0.0","1.0.0","git+https://github.com/inspect-js/get-symbol-description.git","2021-08-17T22:22:05.245Z","ljharb (ljharb@gmail.com)",10267,"MIT",true,false,false,false,false,"es-abstract@1.22.2"
"getopts","2.3.0","2.3.0","git+https://github.com/jorgebucaran/getopts.git","2021-02-15T19:08:06.140Z","jorgebucaran (mail@jorgebucaran.com)",18169,"MIT",true,false,false,false,false,"knex@3.0.1"
"glob","7.2.3","-","-","-","-","-","-",false,true,false,true,false,"rimraf@3.0.2"
"glob-parent","6.0.2","-","-","-","-","-","-",false,true,false,true,false,"eslint@8.51.0"
"globals","13.23.0","-","-","-","-","-","-",false,true,false,true,false,"@eslint/eslintrc@2.1.2,eslint@8.51.0"
"globalthis","1.0.3","1.0.3","git://github.com/ljharb/System.global.git","2022-05-07T15:51:20.810Z","ljharb (ljharb@gmail.com)",22380,"MIT",true,false,false,false,false,"es-abstract@1.22.2,es-aggregate-error@1.0.11"
"globby","11.1.0","-","-","-","-","-","-",false,true,false,false,false,"@typescript-eslint/typescript-estree@6.8.0"
"google-auth-library","9.1.0","9.1.0","git+https://github.com/googleapis/google-auth-library-nodejs.git","2023-10-02T23:25:58.006Z","google-wombot (node-team-npm+wombot@google.com)",522429,"Apache-2.0",true,false,false,false,false,"export-to-sheets@1.0.0,googleapis@127.0.0,googleapis-common@7.0.0"
"googleapis","127.0.0","127.0.0","git+https://github.com/googleapis/google-api-nodejs-client.git","2023-10-11T18:27:49.245Z","google-wombot (node-team-npm+wombot@google.com)",102341539,"Apache-2.0",true,false,false,false,false,"export-to-sheets@1.0.0"
"googleapis-common","7.0.0","7.0.0","git+https://github.com/googleapis/nodejs-googleapis-common.git","2023-07-27T19:15:41.675Z","google-wombot (node-team-npm+wombot@google.com)",92108,"Apache-2.0",true,false,false,false,false,"googleapis@127.0.0"
"gopd","1.0.1","1.0.1","git+https://github.com/ljharb/gopd.git","2022-11-02T06:25:24.709Z","ljharb (ljharb@gmail.com)",7703,"MIT",true,false,false,false,false,"define-data-property@1.1.1,es-abstract@1.22.2,which-typed-array@1.1.11"
"graphemer","1.4.0","-","-","-","-","-","-",false,true,false,true,false,"@typescript-eslint/eslint-plugin@6.8.0,eslint@8.51.0"
"gtoken","7.0.1","7.0.1","git+https://github.com/google/node-gtoken.git","2023-07-12T22:01:40.807Z","google-wombot (node-team-npm+wombot@google.com)",39240,"MIT",true,false,false,false,false,"google-auth-library@9.1.0"
"has","1.0.4","1.0.4","git://github.com/tarruda/has.git","2023-10-03T17:14:45.308Z","tarruda (thiago@padilha.cc)",3025,"MIT",true,false,false,false,false,"es-abstract@1.22.2,es-set-tostringtag@2.0.1,get-intrinsic@1.2.1,internal-slot@1.0.5,is-core-module@2.13.0"
"has-bigints","1.0.2","1.0.2","git+https://github.com/ljharb/has-bigints.git","2022-04-19T22:50:03.324Z","ljharb (ljharb@gmail.com)",12772,"MIT",true,false,false,false,false,"is-bigint@1.0.4,unbox-primitive@1.0.2"
"has-flag","4.0.0","-","-","-","-","-","-",false,true,false,true,false,"supports-color@7.2.0"
"has-property-descriptors","1.0.0","1.0.0","git+https://github.com/inspect-js/has-property-descriptors.git","2022-04-15T05:52:40.310Z","ljharb (ljharb@gmail.com)",9308,"MIT",true,false,false,false,false,"define-data-property@1.1.1,define-properties@1.2.1,es-abstract@1.22.2,es-aggregate-error@1.0.11,set-function-name@2.0.1"
"has-proto","1.0.1","1.0.1","git+https://github.com/inspect-js/has-proto.git","2022-12-21T19:59:34.415Z","ljharb (ljharb@gmail.com)",7195,"MIT",true,false,false,false,false,"es-abstract@1.22.2,get-intrinsic@1.2.1,typed-array-byte-length@1.0.0,typed-array-byte-offset@1.0.0"
"has-symbols","1.0.3","1.0.3","git://github.com/inspect-js/has-symbols.git","2022-03-01T21:23:41.133Z","ljharb (ljharb@gmail.com)",20603,"MIT",true,false,false,false,false,"es-abstract@1.22.2,get-intrinsic@1.2.1,has-tostringtag@1.0.0,is-symbol@1.0.4,object.assign@4.1.4,safe-array-concat@1.0.1,unbox-primitive@1.0.2"
"has-tostringtag","1.0.0","1.0.0","git+https://github.com/inspect-js/has-tostringtag.git","2021-08-05T14:59:41.457Z","ljharb (ljharb@gmail.com)",10887,"MIT",true,false,false,false,false,"es-set-tostringtag@2.0.1,is-boolean-object@1.1.2,is-date-object@1.0.5,is-number-object@1.0.7,is-regex@1.1.4,is-string@1.0.7,which-typed-array@1.1.11"
"hour-convert","1.0.1","1.0.1","git+https://github.com/jimf/hour-convert.git","2017-07-07T00:41:50.252Z","jimf (fitzpatrick.jim@gmail.com)","-","MIT",true,false,false,false,false,"export-to-sheets@1.0.0"
"htmlparser2","8.0.2","9.0.0","git://github.com/fb55/htmlparser2.git","2023-03-22T23:36:11.745Z","feedic (me@feedic.com)",265049,"MIT",true,false,false,false,false,"cheerio@1.0.0-rc.12"
"http-proxy-agent","5.0.0","7.0.0","git://github.com/TooTallNate/node-http-proxy-agent.git","2021-09-23T00:35:50.066Z","tootallnate (nathan@tootallnate.net)",17084,"MIT",true,false,false,false,false,"@azure/core-rest-pipeline@1.12.1"
"http-status","1.7.3","1.7.3","git+https://github.com/adaltas/node-http-status.git","2023-10-17T15:16:59.527Z","david (david@adaltas.com)",70381,"BSD-3-Clause",true,false,false,false,false,"export-to-sheets@1.0.0"
"https-proxy-agent","7.0.2","7.0.2","git+https://github.com/TooTallNate/proxy-agents.git","2023-09-04T08:09:39.350Z","tootallnate (nathan@tootallnate.net)",35127,"MIT",true,false,false,false,false,"gaxios@6.1.1"
"human-signals","4.3.1","-","-","-","-","-","-",false,true,false,false,false,"execa@7.2.0"
"iconv-lite","0.6.3","0.6.3","git://github.com/ashtuchkin/iconv-lite.git","2021-05-24T03:00:17.928Z","ashtuchkin (ashtuchkin@gmail.com)",348518,"MIT",true,false,false,false,false,"tedious@16.5.0"
"ieee754","1.2.1","1.2.1","git://github.com/feross/ieee754.git","2020-10-27T23:06:07.424Z","feross (feross@feross.org)",6796,"BSD-3-Clause",true,false,false,false,false,"buffer@6.0.3"
"ignore","5.2.4","-","-","-","-","-","-",false,true,false,true,false,"@eslint/eslintrc@2.1.2,@typescript-eslint/eslint-plugin@6.8.0,eslint@8.51.0,eslint-plugin-node@11.1.0,globby@11.1.0"
"ignore-by-default","1.0.1","-","-","-","-","-","-",false,true,false,false,false,"nodemon@3.0.1"
"import-fresh","3.3.0","-","-","-","-","-","-",false,true,false,true,false,"@eslint/eslintrc@2.1.2"
"imurmurhash","0.1.4","-","-","-","-","-","-",false,true,false,true,false,"eslint@8.51.0"
"inflight","1.0.6","-","-","-","-","-","-",false,true,false,true,false,"glob@7.2.3"
"inherits","2.0.4","2.0.4","git://github.com/isaacs/inherits.git","2019-06-19T20:18:52.465Z","isaacs (i@izs.me)",3958,"ISC",true,true,false,true,false,"bl@6.0.7,des.js@1.1.0,glob@7.2.3"
"internal-slot","1.0.5","1.0.5","git+https://github.com/ljharb/internal-slot.git","2023-02-09T21:24:46.683Z","ljharb (ljharb@gmail.com)",19453,"MIT",true,false,false,false,false,"es-abstract@1.22.2"
"interpret","2.2.0","3.1.1","git+https://github.com/gulpjs/interpret.git","2020-06-03T06:52:07.322Z","phated (blaine.bublitz@gmail.com)",17224,"MIT",true,false,false,false,false,"knex@3.0.1"
"is-array-buffer","3.0.2","3.0.2","git+https://github.com/inspect-js/is-array-buffer.git","2023-03-02T05:59:24.498Z","ljharb (ljharb@gmail.com)",11882,"MIT",true,false,false,false,false,"array-buffer-byte-length@1.0.0,arraybuffer.prototype.slice@1.0.2,es-abstract@1.22.2"
"is-bigint","1.0.4","1.0.4","git+https://github.com/inspect-js/is-bigint.git","2021-08-12T05:51:11.120Z","ljharb (ljharb@gmail.com)",14781,"MIT",true,false,false,false,false,"which-boxed-primitive@1.0.2"
"is-binary-path","2.1.0","-","-","-","-","-","-",false,true,false,false,false,"chokidar@3.5.3"
"is-boolean-object","1.1.2","1.1.2","git://github.com/inspect-js/is-boolean-object.git","2021-08-05T23:42:04.586Z","ljharb (ljharb@gmail.com)",22120,"MIT",true,false,false,false,false,"which-boxed-primitive@1.0.2"
"is-callable","1.2.7","1.2.7","git://github.com/inspect-js/is-callable.git","2022-09-23T22:49:39.970Z","ljharb (ljharb@gmail.com)",28950,"MIT",true,false,false,false,false,"es-abstract@1.22.2,es-to-primitive@1.2.1,for-each@0.3.3"
"is-core-module","2.13.0","2.13.0","git+https://github.com/inspect-js/is-core-module.git","2023-08-04T23:11:04.700Z","ljharb (ljharb@gmail.com)",29815,"MIT",true,false,false,false,false,"resolve@1.22.8"
"is-date-object","1.0.5","1.0.5","git://github.com/inspect-js/is-date-object.git","2021-08-05T21:22:39.367Z","ljharb (ljharb@gmail.com)",20793,"MIT",true,false,false,false,false,"es-to-primitive@1.2.1"
"is-docker","3.0.0","-","-","-","-","-","-",false,true,false,false,false,"is-inside-container@1.0.0"
"is-extglob","2.1.1","-","-","-","-","-","-",false,true,false,false,false,"is-glob@4.0.3"
"is-glob","4.0.3","-","-","-","-","-","-",false,true,false,true,false,"@pkgr/utils@2.4.2,@typescript-eslint/typescript-estree@6.8.0,chokidar@3.5.3,glob-parent@6.0.2,eslint@8.51.0"
"is-inside-container","1.0.0","-","-","-","-","-","-",false,true,false,false,false,"open@9.1.0"
"is-negative-zero","2.0.2","2.0.2","git://github.com/inspect-js/is-negative-zero.git","2021-12-10T19:43:39.477Z","ljharb (ljharb@gmail.com)",22002,"MIT",true,false,false,false,false,"es-abstract@1.22.2"
"is-number","7.0.0","-","-","-","-","-","-",false,true,false,false,false,"to-regex-range@5.0.1"
"is-number-object","1.0.7","1.0.7","git://github.com/inspect-js/is-number-object.git","2022-04-02T04:47:21.117Z","ljharb (ljharb@gmail.com)",22218,"MIT",true,false,false,false,false,"which-boxed-primitive@1.0.2"
"is-path-inside","3.0.3","-","-","-","-","-","-",false,true,false,true,false,"eslint@8.51.0"
"is-regex","1.1.4","1.1.4","git://github.com/inspect-js/is-regex.git","2021-08-06T03:49:23.488Z","ljharb (ljharb@gmail.com)",30124,"MIT",true,false,false,false,false,"es-abstract@1.22.2,safe-regex-test@1.0.0"
"is-shared-array-buffer","1.0.2","1.0.2","git+https://github.com/inspect-js/is-shared-array-buffer.git","2022-04-02T04:42:56.440Z","ljharb (ljharb@gmail.com)",11886,"MIT",true,false,false,false,false,"arraybuffer.prototype.slice@1.0.2,es-abstract@1.22.2"
"is-stream","2.0.1","3.0.0","git+https://github.com/sindresorhus/is-stream.git","2021-07-26T10:51:04.495Z","sindresorhus (sindresorhus@gmail.com)",5927,"MIT",true,true,false,false,false,"gaxios@6.1.1,execa@5.1.1"
"is-string","1.0.7","1.0.7","git://github.com/ljharb/is-string.git","2021-08-06T01:26:34.304Z","ljharb (ljharb@gmail.com)",19127,"MIT",true,false,false,false,false,"es-abstract@1.22.2,which-boxed-primitive@1.0.2"
"is-symbol","1.0.4","1.0.4","git://github.com/inspect-js/is-symbol.git","2021-05-08T19:12:11.304Z","ljharb (ljharb@gmail.com)",22031,"MIT",true,false,false,false,false,"es-to-primitive@1.2.1,which-boxed-primitive@1.0.2"
"is-typed-array","1.1.12","1.1.12","git://github.com/inspect-js/is-typed-array.git","2023-07-18T05:56:39.813Z","ljharb (ljharb@gmail.com)",17644,"MIT",true,false,false,false,false,"es-abstract@1.22.2,is-array-buffer@3.0.2,typed-array-buffer@1.0.0,typed-array-byte-length@1.0.0,typed-array-byte-offset@1.0.0,typed-array-length@1.0.4"
"is-utf8","0.2.1","0.2.1","git+https://github.com/wayfind/is-utf8.git","2015-12-19T04:04:22.462Z","wayfind (whyer1@gmail.com)","-","MIT",true,false,false,false,false,"strip-bom@2.0.0"
"is-weakref","1.0.2","1.0.2","git+https://github.com/inspect-js/is-weakref.git","2021-12-10T16:46:37.781Z","ljharb (ljharb@gmail.com)",12065,"MIT",true,false,false,false,false,"es-abstract@1.22.2"
"is-wsl","2.2.0","3.1.0","git+https://github.com/sindresorhus/is-wsl.git","2020-05-03T07:57:13.100Z","sindresorhus (sindresorhus@gmail.com)",3757,"MIT",true,true,false,false,false,"open@9.1.0"
"isarray","2.0.5","2.0.5","git://github.com/juliangruber/isarray.git","2019-07-08T13:21:22.377Z","juliangruber (julian@juliangruber.com)",3430,"MIT",true,false,false,false,false,"safe-array-concat@1.0.1"
"isexe","2.0.0","-","-","-","-","-","-",false,true,false,true,false,"which@2.0.2"
"js-md4","0.3.2","0.3.2","git+https://github.com/emn178/js-md4.git","2017-01-24T07:21:38.406Z","emn178 (emn178@gmail.com)","-","MIT",true,false,false,false,false,"axios-ntlm@1.4.1,tedious@16.5.0"
"js-yaml","4.1.0","-","-","-","-","-","-",false,true,false,true,false,"@eslint/eslintrc@2.1.2,eslint@8.51.0"
"jsbi","4.3.0","4.3.0","git+https://github.com/GoogleChromeLabs/jsbi.git","2022-04-18T17:18:05.928Z","google-wombot (node-team-npm+wombot@google.com)",568171,"Apache-2.0",true,false,false,false,false,"tedious@16.5.0"
"json-bigint","1.0.0","1.0.0","git+ssh://git@github.com/sidorares/json-bigint.git","2020-07-14T11:29:39.282Z","sidorares (sidorares@yandex.com)",37345,"MIT",true,false,false,false,false,"gcp-metadata@6.0.0"
"json-buffer","3.0.1","3.0.1","git://github.com/dominictarr/json-buffer.git","2018-09-10T19:02:16.381Z","dominictarr (dominic.tarr@gmail.com)",5404,"MIT",true,true,false,true,false,"@keyvhq/core@2.1.0,keyv@4.5.4"
"json-schema-traverse","0.4.1","-","-","-","-","-","-",false,true,false,true,false,"ajv@6.12.6"
"json-stable-stringify-without-jsonify","1.0.1","-","-","-","-","-","-",false,true,false,true,false,"eslint@8.51.0"
"jsonwebtoken","9.0.2","9.0.2","git+https://github.com/auth0/node-jsonwebtoken.git","2023-08-30T12:30:13.196Z","charlesrea (charles.rea@auth0.com)",43482,"MIT",true,false,false,false,false,"@azure/msal-node@1.18.3"
"jwa","1.4.1","2.0.0","git://github.com/brianloveswords/node-jwa.git","2019-03-16T15:19:55.038Z","omsmith (owen@omsmith.ca)",13688,"MIT",true,false,false,false,false,"jws@3.2.2"
"jws","3.2.2","4.0.0","git://github.com/brianloveswords/node-jws.git","2019-03-16T15:26:17.735Z","omsmith (owen@omsmith.ca)",17682,"MIT",true,false,false,false,false,"jsonwebtoken@9.0.2"
"jwa","2.0.0","2.0.0","git://github.com/brianloveswords/node-jwa.git","2019-12-15T16:14:02.839Z","omsmith (owen@omsmith.ca)",13685,"MIT",true,false,false,false,false,"jws@4.0.0"
"jws","4.0.0","4.0.0","git://github.com/brianloveswords/node-jws.git","2019-12-16T17:22:34.743Z","omsmith (owen@omsmith.ca)",17682,"MIT",true,false,false,false,false,"@azure/identity@2.1.0,google-auth-library@9.1.0,gtoken@7.0.1"
"keyv","4.5.4","-","-","-","-","-","-",false,true,false,true,false,"flat-cache@3.1.1"
"knex","3.0.1","3.0.1","git://github.com/knex/knex.git","2023-10-06T12:22:21.849Z","kibertoad (iselwin@gmail.com)",867326,"MIT",true,false,false,false,false,"export-to-sheets@1.0.0"
"resolve-from","5.0.0","5.0.0","git+https://github.com/sindresorhus/resolve-from.git","2019-04-15T04:06:25.601Z","sindresorhus (sindresorhus@gmail.com)",5824,"MIT",true,false,false,false,false,"knex@3.0.1"
"levn","0.4.1","-","-","-","-","-","-",false,true,false,true,false,"eslint@8.51.0,optionator@0.9.3"
"locate-path","6.0.0","-","-","-","-","-","-",false,true,false,true,false,"find-up@5.0.0"
"lodash","4.17.21","4.17.21","git+https://github.com/lodash/lodash.git","2021-02-20T15:42:16.891Z","bnjmnt4n (benjamin@dev.ofcr.se)",1412415,"MIT",true,false,false,false,false,"csvtojson@2.0.10,knex@3.0.1,sql-ts@5.4.0"
"lodash.includes","4.3.0","4.3.0","git+https://github.com/lodash/lodash.git","2016-08-13T17:39:40.778Z","jdalton (john.david.dalton@gmail.com)","-","MIT",true,false,false,false,false,"jsonwebtoken@9.0.2"
"lodash.isboolean","3.0.3","3.0.3","git+https://github.com/lodash/lodash.git","2016-02-03T07:28:20.290Z","jdalton (john.david.dalton@gmail.com)","-","MIT",true,false,false,false,false,"jsonwebtoken@9.0.2"
"lodash.isinteger","4.0.4","4.0.4","git+https://github.com/lodash/lodash.git","2016-08-13T17:40:41.538Z","jdalton (john.david.dalton@gmail.com)","-","MIT",true,false,false,false,false,"jsonwebtoken@9.0.2"
"lodash.isnumber","3.0.3","3.0.3","git+https://github.com/lodash/lodash.git","2016-02-03T07:28:49.514Z","jdalton (john.david.dalton@gmail.com)","-","MIT",true,false,false,false,false,"jsonwebtoken@9.0.2"
"lodash.isplainobject","4.0.6","4.0.6","git+https://github.com/lodash/lodash.git","2016-08-13T17:41:07.730Z","jdalton (john.david.dalton@gmail.com)","-","MIT",true,false,false,false,false,"jsonwebtoken@9.0.2"
"lodash.isstring","4.0.1","4.0.1","git+https://github.com/lodash/lodash.git","2016-02-03T07:28:59.695Z","jdalton (john.david.dalton@gmail.com)","-","MIT",true,false,false,false,false,"jsonwebtoken@9.0.2"
"lodash.merge","4.6.2","-","-","-","-","-","-",false,true,false,true,false,"eslint@8.51.0"
"lodash.once","4.1.1","4.1.1","git+https://github.com/lodash/lodash.git","2016-08-13T17:42:47.106Z","jdalton (john.david.dalton@gmail.com)","-","MIT",true,false,false,false,false,"jsonwebtoken@9.0.2"
"lru-cache","6.0.0","10.0.1","git://github.com/isaacs/node-lru-cache.git","2020-07-11T00:59:07.352Z","isaacs (i@izs.me)",15643,"ISC",true,false,false,false,false,"google-auth-library@9.1.0,semver@7.5.4"
"luxon","3.3.0","3.4.3","git+https://github.com/moment/luxon.git","2023-03-04T03:53:48.950Z","icambron (icambron@gmail.com)",4019766,"MIT",true,false,false,false,false,"cron@3.1.1"
"matchit","1.1.0","1.1.0","git+https://github.com/lukeed/matchit.git","2020-10-05T05:20:59.171Z","lukeed (luke@lukeed.com)",11888,"MIT",true,false,false,false,false,"trouter@2.0.1"
"merge-stream","2.0.0","-","-","-","-","-","-",false,true,false,false,false,"execa@5.1.1"
"merge2","1.4.1","-","-","-","-","-","-",false,true,false,false,false,"fast-glob@3.3.1,globby@11.1.0"
"micromatch","4.0.5","-","-","-","-","-","-",false,true,false,false,false,"fast-glob@3.3.1"
"mime-db","1.52.0","1.52.0","git+https://github.com/jshttp/mime-db.git","2022-02-21T19:41:51.123Z","dougwilson (doug@somethingdoug.com)",205539,"MIT",true,false,false,false,false,"mime-types@2.1.35"
"mime-types","2.1.35","2.1.35","git+https://github.com/jshttp/mime-types.git","2022-03-12T18:04:43.042Z","dougwilson (doug@somethingdoug.com)",18272,"MIT",true,false,false,false,false,"form-data@4.0.0"
"mimic-fn","4.0.0","-","-","-","-","-","-",false,true,false,false,false,"onetime@6.0.0"
"minimalistic-assert","1.0.1","1.0.1","git+https://github.com/calvinmetcalf/minimalistic-assert.git","2018-04-11T12:21:23.075Z","cwmma (calvin.metcalf@gmail.com)",1547,"ISC",true,false,false,false,false,"des.js@1.1.0"
"minimatch","3.1.2","-","-","-","-","-","-",false,true,false,true,false,"@eslint/eslintrc@2.1.2,@humanwhocodes/config-array@0.11.11,eslint@8.51.0,eslint-plugin-node@11.1.0,glob@7.2.3,nodemon@3.0.1"
"minipass","5.0.0","7.0.4","git+https://github.com/isaacs/minipass.git","2023-04-09T21:54:10.390Z","isaacs (i@izs.me)",69475,"ISC",true,false,false,false,false,"tar@6.2.0"
"minizlib","2.1.2","2.1.2","git+https://github.com/isaacs/minizlib.git","2020-08-14T22:42:53.986Z","isaacs (i@izs.me)",17309,"MIT",true,false,false,false,false,"tar@6.2.0"
"mkdirp","1.0.4","3.0.1","git+https://github.com/isaacs/node-mkdirp.git","2020-04-03T17:03:08.825Z","isaacs (i@izs.me)",19088,"MIT",true,false,false,false,false,"tar@6.2.0"
"module-alias","2.2.3","-","-","-","-","-","-",false,true,false,false,false,"export-to-sheets@1.0.0"
"ms","2.1.2","2.1.3","git+https://github.com/zeit/ms.git","2019-06-06T17:31:55.859Z","styfle (steven@ceriously.com)",6842,"MIT",true,true,false,false,false,"debug@3.2.7,jsonwebtoken@9.0.2"
"native-duplexpair","1.0.0","1.0.0","git+https://github.com/tediousjs/native-duplexpair.git","2018-05-10T13:47:05.380Z","arthurschreiber (schreiber.arthur@googlemail.com)",8288,"MIT",true,false,false,false,false,"tedious@16.5.0"
"natural-compare","1.4.0","-","-","-","-","-","-",false,true,false,true,false,"@typescript-eslint/eslint-plugin@6.8.0,eslint@8.51.0"
"node-abort-controller","3.1.1","3.1.1","git+https://github.com/southpolesteve/node-abort-controller.git","2023-01-26T15:10:43.536Z","ethan_arrowood (ethan@arrowood.dev)",16885,"MIT",true,false,false,false,false,"tedious@16.5.0"
"node-addon-api","4.3.0","7.0.0","git://github.com/nodejs/node-addon-api.git","2022-01-21T15:06:36.896Z","nicknaso (nicoladelgobbo@gmail.com)",384042,"MIT",true,false,false,false,false,"@vscode/sqlite3@5.1.2"
"node-domexception","1.0.0","2.0.1","git+https://github.com/jimmywarting/node-domexception.git","2021-05-27T20:04:26.418Z","endless (jimmy@warting.se)",29162,"MIT",true,false,false,false,false,"fetch-blob@3.2.0,formdata-node@5.0.1"
"node-fetch","2.7.0","3.3.2","git+https://github.com/bitinn/node-fetch.git","2023-08-23T17:18:39.396Z","node-fetch-bot (jimmy+node-fetch@warting.se)",162253,"MIT",true,false,false,false,false,"gaxios@6.1.1"
"nodemon","3.0.1","-","-","-","-","-","-",false,true,false,false,false,"export-to-sheets@1.0.0"
"debug","3.2.7","-","-","-","-","-","-",false,true,false,false,false,"nodemon@3.0.1"
"has-flag","3.0.0","-","-","-","-","-","-",false,true,false,false,false,"supports-color@5.5.0"
"supports-color","5.5.0","-","-","-","-","-","-",false,true,false,false,false,"nodemon@3.0.1"
"nopt","1.0.10","-","-","-","-","-","-",false,true,false,false,false,"touch@3.1.0"
"normalize-path","3.0.0","-","-","-","-","-","-",false,true,false,false,false,"anymatch@3.1.3,chokidar@3.5.3"
"npm-run-path","5.1.0","-","-","-","-","-","-",false,true,false,false,false,"execa@7.2.0"
"path-key","4.0.0","-","-","-","-","-","-",false,true,false,false,false,"npm-run-path@5.1.0"
"nth-check","2.1.1","2.1.1","git+https://github.com/fb55/nth-check.git","2022-05-23T10:05:21.450Z","feedic (me@feedic.com)",42555,"BSD-2-Clause",true,false,false,false,false,"css-select@5.1.0"
"object-inspect","1.13.0","1.13.0","git://github.com/inspect-js/object-inspect.git","2023-10-15T03:44:26.794Z","ljharb (ljharb@gmail.com)",96838,"MIT",true,false,false,false,false,"es-abstract@1.22.2,side-channel@1.0.4"
"object-keys","1.1.1","1.1.1","git://github.com/ljharb/object-keys.git","2019-04-07T02:30:18.674Z","ljharb (ljharb@gmail.com)",26544,"MIT",true,false,false,false,false,"define-properties@1.2.1,es-abstract@1.22.2,object.assign@4.1.4"
"object.assign","4.1.4","4.1.4","git://github.com/ljharb/object.assign.git","2022-08-16T16:21:16.413Z","ljharb (ljharb@gmail.com)",1166150,"MIT",true,false,false,false,false,"es-abstract@1.22.2"
"once","1.4.0","-","-","-","-","-","-",false,true,false,true,false,"glob@7.2.3,inflight@1.0.6"
"onetime","6.0.0","-","-","-","-","-","-",false,true,false,false,false,"execa@7.2.0"
"open","9.1.0","-","-","-","-","-","-",false,true,false,false,false,"@pkgr/utils@2.4.2"
"optionator","0.9.3","-","-","-","-","-","-",false,true,false,true,false,"eslint@8.51.0"
"p-limit","3.1.0","-","-","-","-","-","-",false,true,false,true,false,"p-locate@5.0.0"
"p-locate","5.0.0","-","-","-","-","-","-",false,true,false,true,false,"locate-path@6.0.0"
"papaparse","5.4.1","5.4.1","git+https://github.com/mholt/PapaParse.git","2023-03-23T12:49:23.507Z","pokoli (sergi@koolpi.com)",259850,"MIT",true,false,false,false,false,"export-to-sheets@1.0.0"
"parent-module","1.0.1","-","-","-","-","-","-",false,true,false,true,false,"import-fresh@3.3.0"
"parse5","7.1.2","7.1.2","git://github.com/inikulin/parse5.git","2022-11-20T21:57:42.503Z","feedic (me@feedic.com)",702011,"MIT",true,false,false,false,false,"cheerio@1.0.0-rc.12,parse5-htmlparser2-tree-adapter@7.0.0"
"parse5-htmlparser2-tree-adapter","7.0.0","7.0.0","git://github.com/inikulin/parse5.git","2022-04-20T11:15:50.694Z","feedic (me@feedic.com)",19145,"MIT",true,false,false,false,false,"cheerio@1.0.0-rc.12"
"path-exists","4.0.0","-","-","-","-","-","-",false,true,false,true,false,"find-up@5.0.0"
"path-is-absolute","1.0.1","-","-","-","-","-","-",false,true,false,true,false,"glob@7.2.3"
"path-key","3.1.1","-","-","-","-","-","-",false,true,false,true,false,"cross-spawn@7.0.3,npm-run-path@4.0.1"
"path-parse","1.0.7","1.0.7","git+https://github.com/jbgutierrez/path-parse.git","2021-05-25T12:57:37.333Z","jbgutierrez (jbgutierrez@gmail.com)",4511,"MIT",true,false,false,false,false,"resolve@1.22.8"
"path-type","4.0.0","-","-","-","-","-","-",false,true,false,false,false,"dir-glob@3.0.1"
"pg-connection-string","2.6.1","2.6.2","git://github.com/brianc/node-postgres.git","2023-06-26T16:37:11.218Z","brianc (brian.m.carlson@gmail.com)",9005,"MIT",true,false,false,false,false,"knex@3.0.1"
"picocolors","1.0.0","-","-","-","-","-","-",false,true,false,false,false,"@pkgr/utils@2.4.2"
"picomatch","2.3.1","-","-","-","-","-","-",false,true,false,false,false,"anymatch@3.1.3,micromatch@4.0.5,readdirp@3.6.0"
"pify","5.0.0","6.1.0","git+https://github.com/sindresorhus/pify.git","2020-02-14T16:26:35.672Z","sindresorhus (sindresorhus@gmail.com)",8867,"MIT",true,false,false,false,false,"@keyvhq/sqlite@2.1.0"
"polka","0.5.2","0.5.2","https://github.com/lukeed/polka.git","2019-02-08T23:09:28.525Z","lukeed (luke@lukeed.com)",25525,"MIT",true,false,false,false,false,"export-to-sheets@1.0.0"
"prelude-ls","1.2.1","-","-","-","-","-","-",false,true,false,true,false,"levn@0.4.1,optionator@0.9.3,type-check@0.4.0"
"prettier","3.0.3","-","-","-","-","-","-",false,true,false,true,false,"export-to-sheets@1.0.0,eslint-plugin-prettier@5.0.1"
"prettier-linter-helpers","1.0.0","-","-","-","-","-","-",false,true,false,false,false,"eslint-plugin-prettier@5.0.1"
"process","0.11.10","0.11.10","git://github.com/shtylman/node-process.git","2017-04-26T12:34:27.448Z","cwmma (calvin.metcalf@gmail.com)","-","MIT",true,false,false,false,false,"readable-stream@4.4.2"
"proxy-from-env","1.1.0","1.1.0","git+https://github.com/Rob--W/proxy-from-env.git","2020-03-04T03:35:19.815Z","rob-w (rob@robwu.nl)",29452,"MIT",true,false,false,false,false,"axios@1.5.1"
"pstree.remy","1.1.8","-","-","-","-","-","-",false,true,false,false,false,"nodemon@3.0.1"
"punycode","2.3.0","2.3.0","git+https://github.com/mathiasbynens/punycode.js.git","2023-01-19T17:57:59.553Z","google-wombot (node-team-npm+wombot@google.com)",32931,"MIT",true,true,false,true,false,"tedious@16.5.0,uri-js@4.4.1"
"qs","6.11.2","6.11.2","git+https://github.com/ljharb/qs.git","2023-05-15T16:08:31.665Z","ljharb (ljharb@gmail.com)",241132,"BSD-3-Clause",true,false,false,false,false,"googleapis-common@7.0.0"
"query-string","8.1.0","8.1.0","git+https://github.com/sindresorhus/query-string.git","2022-12-20T19:16:56.180Z","sindresorhus (sindresorhus@gmail.com)",46160,"MIT",true,false,false,false,false,"export-to-sheets@1.0.0"
"queue-microtask","1.2.3","-","-","-","-","-","-",false,true,false,false,false,"run-parallel@1.2.0"
"readable-stream","4.4.2","4.4.2","git://github.com/nodejs/readable-stream.git","2023-07-03T12:58:37.772Z","matteo.collina (hello@matteocollina.com)",210253,"MIT",true,false,false,false,false,"bl@6.0.7"
"readdirp","3.6.0","-","-","-","-","-","-",false,true,false,false,false,"chokidar@3.5.3"
"rechoir","0.8.0","0.8.0","git+https://github.com/gulpjs/rechoir.git","2021-07-24T04:39:25.084Z","phated (blaine.bublitz@gmail.com)",8639,"MIT",true,false,false,false,false,"knex@3.0.1"
"regexp.prototype.flags","1.5.1","1.5.1","git://github.com/es-shims/RegExp.prototype.flags.git","2023-09-13T05:29:08.020Z","ljharb (ljharb@gmail.com)",39023,"MIT",true,false,false,false,false,"es-abstract@1.22.2"
"regexpp","3.2.0","-","-","-","-","-","-",false,true,false,false,false,"eslint-plugin-es@3.0.1"
"resolve","1.22.8","1.22.8","git://github.com/browserify/resolve.git","2023-10-10T21:37:14.696Z","ljharb (ljharb@gmail.com)",145394,"MIT",true,true,false,false,false,"eslint-plugin-node@11.1.0,rechoir@0.8.0"
"resolve-from","4.0.0","-","-","-","-","-","-",false,true,false,true,false,"import-fresh@3.3.0"
"reusify","1.0.4","-","-","-","-","-","-",false,true,false,false,false,"fastq@1.15.0"
"rimraf","3.0.2","-","-","-","-","-","-",false,true,false,true,false,"flat-cache@3.1.1"
"run-applescript","5.0.0","-","-","-","-","-","-",false,true,false,false,false,"bundle-name@3.0.0"
"execa","5.1.1","-","-","-","-","-","-",false,true,false,false,false,"run-applescript@5.0.0"
"human-signals","2.1.0","-","-","-","-","-","-",false,true,false,false,false,"execa@5.1.1"
"mimic-fn","2.1.0","-","-","-","-","-","-",false,true,false,false,false,"onetime@5.1.2"
"npm-run-path","4.0.1","-","-","-","-","-","-",false,true,false,false,false,"execa@5.1.1"
"onetime","5.1.2","-","-","-","-","-","-",false,true,false,false,false,"execa@5.1.1"
"strip-final-newline","2.0.0","-","-","-","-","-","-",false,true,false,false,false,"execa@5.1.1"
"run-parallel","1.2.0","-","-","-","-","-","-",false,true,false,false,false,"@nodelib/fs.scandir@2.1.5"
"safe-array-concat","1.0.1","1.0.1","git+https://github.com/ljharb/safe-array-concat.git","2023-09-06T00:40:05.687Z","ljharb (ljharb@gmail.com)",11857,"MIT",true,false,false,false,false,"es-abstract@1.22.2"
"safe-buffer","5.2.1","5.2.1","git://github.com/feross/safe-buffer.git","2020-05-10T16:37:30.776Z","feross (feross@feross.org)",32101,"MIT",true,false,false,false,false,"ecdsa-sig-formatter@1.0.11,jwa@2.0.0,jws@4.0.0,string_decoder@1.3.0"
"safe-regex-test","1.0.0","1.0.0","git+https://github.com/ljharb/safe-regex-test.git","2022-09-22T20:09:32.516Z","ljharb (ljharb@gmail.com)",7332,"MIT",true,false,false,false,false,"es-abstract@1.22.2"
"safer-buffer","2.1.2","2.1.2","git+https://github.com/ChALkeR/safer-buffer.git","2018-04-08T10:42:42.130Z","chalker (chalkerx@gmail.com)",42299,"MIT",true,false,false,false,false,"iconv-lite@0.6.3"
"semver","7.5.4","7.5.4","git+https://github.com/npm/node-semver.git","2023-07-07T21:10:32.589Z","npm-cli-ops (npm-cli+bot@github.com)",93401,"ISC",true,true,false,false,false,"@typescript-eslint/eslint-plugin@6.8.0,@typescript-eslint/typescript-estree@6.8.0,@typescript-eslint/utils@6.8.0,jsonwebtoken@9.0.2,nodemon@3.0.1,simple-update-notifier@2.0.0"
"set-function-name","2.0.1","2.0.1","git+https://github.com/ljharb/set-function-name.git","2023-09-13T14:09:41.850Z","ljharb (ljharb@gmail.com)",10148,"MIT",true,false,false,false,false,"es-aggregate-error@1.0.11,regexp.prototype.flags@1.5.1"
"shebang-command","2.0.0","-","-","-","-","-","-",false,true,false,true,false,"cross-spawn@7.0.3"
"shebang-regex","3.0.0","-","-","-","-","-","-",false,true,false,true,false,"shebang-command@2.0.0"
"side-channel","1.0.4","1.0.4","git+https://github.com/ljharb/side-channel.git","2020-12-29T19:58:12.459Z","ljharb (ljharb@gmail.com)",14565,"MIT",true,false,false,false,false,"internal-slot@1.0.5,qs@6.11.2"
"signal-exit","3.0.7","-","-","-","-","-","-",false,true,false,false,false,"execa@5.1.1"
"simple-update-notifier","2.0.0","-","-","-","-","-","-",false,true,false,false,false,"nodemon@3.0.1"
"slash","3.0.0","-","-","-","-","-","-",false,true,false,false,false,"globby@11.1.0"
"sliced","1.0.1","1.0.1","git://github.com/aheckmann/sliced","2015-07-14T23:58:24.818Z","aaron (aaron.heckmann+github@gmail.com)","-","MIT",true,false,false,false,false,"sql-ts@5.4.0"
"split-on-first","3.0.0","3.0.0","git+https://github.com/sindresorhus/split-on-first.git","2021-04-15T06:09:11.688Z","sindresorhus (sindresorhus@gmail.com)",3776,"MIT",true,false,false,false,false,"query-string@8.1.0"
"sprintf-js","1.1.3","1.1.3","git+https://github.com/alexei/sprintf.js.git","2023-09-11T13:12:09.207Z","alexei (hello@alexei.ro)",39879,"BSD-3-Clause",true,false,false,false,false,"tedious@16.5.0"
"sql-ts","5.4.0","6.3.0","git://github.com/charsleysa/node-sql-ts.git","2023-02-03T04:29:22.846Z","charsleysa (charsleysa@gmail.com)",1048400,"MIT",true,false,false,false,false,"@keyvhq/sql@2.0.0"
"tslib","2.0.3","2.6.2","git+https://github.com/Microsoft/tslib.git","2020-10-09T23:35:42.926Z","typescript-bot (typescript@microsoft.com)",34220,"0BSD",true,false,false,false,false,"sql-ts@5.4.0"
"stoppable","1.1.0","1.1.0","git+https://github.com/hunterloftis/stoppable.git","2018-11-10T06:22:01.237Z","boneskull (boneskull@boneskull.com)",7088,"MIT",true,false,false,false,false,"@azure/identity@2.1.0"
"string_decoder","1.3.0","1.3.0","git://github.com/nodejs/string_decoder.git","2019-08-07T09:20:36.634Z","matteo.collina (hello@matteocollina.com)",14427,"MIT",true,false,false,false,false,"readable-stream@4.4.2"
"string.prototype.trim","1.2.8","1.2.8","git://github.com/es-shims/String.prototype.trim.git","2023-09-07T17:07:16.812Z","ljharb (ljharb@gmail.com)",33022,"MIT",true,false,false,false,false,"es-abstract@1.22.2"
"string.prototype.trimend","1.0.7","1.0.7","git://github.com/es-shims/String.prototype.trimEnd.git","2023-09-07T17:07:40.570Z","ljharb (ljharb@gmail.com)",21678,"MIT",true,false,false,false,false,"es-abstract@1.22.2"
"string.prototype.trimstart","1.0.7","1.0.7","git://github.com/es-shims/String.prototype.trimStart.git","2023-09-05T04:05:07.466Z","ljharb (ljharb@gmail.com)",21923,"MIT",true,false,false,false,false,"es-abstract@1.22.2"
"strip-ansi","6.0.1","-","-","-","-","-","-",false,true,false,true,false,"eslint@8.51.0"
"strip-bom","2.0.0","5.0.0","https://github.com/sindresorhus/strip-bom","2015-06-29T13:13:31.964Z","sindresorhus (sindresorhus@gmail.com)","-","MIT",true,false,false,false,false,"csvtojson@2.0.10"
"strip-final-newline","3.0.0","-","-","-","-","-","-",false,true,false,false,false,"execa@7.2.0"
"strip-json-comments","3.1.1","-","-","-","-","-","-",false,true,false,true,false,"@eslint/eslintrc@2.1.2"
"strnum","1.0.5","1.0.5","git+https://github.com/NaturalIntelligence/strnum.git","2021-12-04T10:58:54.289Z","amitgupta (amitgupta.gwl@gmail.com)",17685,"MIT",true,false,false,false,false,"fast-xml-parser@4.3.2"
"supports-color","7.2.0","-","-","-","-","-","-",false,true,false,true,false,"chalk@4.1.2"
"supports-preserve-symlinks-flag","1.0.0","1.0.0","git+https://github.com/inspect-js/node-supports-preserve-symlinks-flag.git","2022-01-03T07:22:56.640Z","ljharb (ljharb@gmail.com)",9178,"MIT",true,false,false,false,false,"resolve@1.22.8"
"synckit","0.8.5","-","-","-","-","-","-",false,true,false,false,false,"eslint-plugin-prettier@5.0.1"
"tar","6.2.0","6.2.0","git+https://github.com/isaacs/node-tar.git","2023-09-05T05:33:49.378Z","isaacs (i@izs.me)",165629,"ISC",true,false,false,false,false,"export-to-sheets@1.0.0"
"tarn","3.0.2","3.0.2","git://github.com/vincit/tarn.js.git","2021-11-28T23:11:57.747Z","elhigu (mikael.lepisto@vincit.com)",41574,"MIT",true,false,false,false,false,"knex@3.0.1"
"tedious","16.5.0","16.4.1","git+https://github.com/tediousjs/tedious.git","2023-10-10T21:20:57.182Z","arthurschreiber (schreiber.arthur@googlemail.com)",3210690,"MIT",true,false,false,false,false,"export-to-sheets@1.0.0"
"text-table","0.2.0","-","-","-","-","-","-",false,true,false,true,false,"eslint@8.51.0"
"tildify","2.0.0","3.0.0","git+https://github.com/sindresorhus/tildify.git","2019-04-29T03:38:37.215Z","sindresorhus (sindresorhus@gmail.com)",2938,"MIT",true,false,false,false,false,"knex@3.0.1"
"titleize","3.0.0","-","-","-","-","-","-",false,true,false,false,false,"default-browser@4.0.0"
"to-regex-range","5.0.1","-","-","-","-","-","-",false,true,false,false,false,"fill-range@7.0.1"
"touch","3.1.0","-","-","-","-","-","-",false,true,false,false,false,"nodemon@3.0.1"
"tr46","0.0.3","4.1.1","git+https://github.com/Sebmaster/tr46.js.git","2016-01-20T02:08:54.875Z","sebmaster (sebmaster16@gmail.com)","-","MIT",true,false,false,false,false,"whatwg-url@5.0.0"
"trouter","2.0.1","3.2.1","git+https://github.com/lukeed/trouter.git","2018-09-18T01:29:19.017Z","lukeed (luke@lukeed.com)",7781,"MIT",true,false,false,false,false,"polka@0.5.2"
"ts-api-utils","1.0.3","-","-","-","-","-","-",false,true,false,false,false,"@typescript-eslint/eslint-plugin@6.8.0,@typescript-eslint/type-utils@6.8.0,@typescript-eslint/typescript-estree@6.8.0"
"tslib","2.6.2","2.6.2","git+https://github.com/Microsoft/tslib.git","2023-08-18T17:41:58.755Z","typescript-bot (typescript@microsoft.com)",83980,"0BSD",true,true,false,false,false,"@azure/abort-controller@1.1.0,@azure/core-auth@1.5.0,@azure/core-client@1.7.3,@azure/core-lro@2.5.4,@azure/core-paging@1.5.0,@azure/core-rest-pipeline@1.12.1,@azure/core-tracing@1.0.1,@azure/core-util@1.5.0,@azure/identity@2.1.0,@azure/keyvault-keys@4.7.2,@azure/logger@1.0.4,@pkgr/utils@2.4.2,synckit@0.8.5"
"tslog","4.9.2","4.9.2","git+https://github.com/fullstack-build/tslog.git","2023-08-23T13:43:23.181Z","eterehov (opensource@terehov.de)",173773,"MIT",true,false,false,false,false,"export-to-sheets@1.0.0"
"type-check","0.4.0","-","-","-","-","-","-",false,true,false,true,false,"levn@0.4.1,optionator@0.9.3"
"type-fest","0.20.2","-","-","-","-","-","-",false,true,false,true,false,"globals@13.23.0"
"typed-array-buffer","1.0.0","1.0.0","git+https://github.com/ljharb/typed-array-buffer.git","2023-06-05T20:07:32.869Z","ljharb (ljharb@gmail.com)",7944,"MIT",true,false,false,false,false,"es-abstract@1.22.2"
"typed-array-byte-length","1.0.0","1.0.0","git+https://github.com/inspect-js/typed-array-byte-length.git","2023-07-14T21:49:10.894Z","ljharb (ljharb@gmail.com)",13711,"MIT",true,false,false,false,false,"es-abstract@1.22.2"
"typed-array-byte-offset","1.0.0","1.0.0","git+https://github.com/inspect-js/typed-array-byte-offset.git","2023-06-06T15:53:32.712Z","ljharb (ljharb@gmail.com)",13716,"MIT",true,false,false,false,false,"es-abstract@1.22.2"
"typed-array-length","1.0.4","1.0.4","git+https://github.com/inspect-js/typed-array-length.git","2022-05-24T02:57:15.108Z","ljharb (ljharb@gmail.com)",18520,"MIT",true,false,false,false,false,"es-abstract@1.22.2"
"typescript","5.2.2","-","-","-","-","-","-",false,true,false,true,false,"export-to-sheets@1.0.0,ts-api-utils@1.0.3"
"unbox-primitive","1.0.2","1.0.2","git+https://github.com/ljharb/unbox-primitive.git","2022-04-25T05:35:15.256Z","ljharb (ljharb@gmail.com)",14851,"MIT",true,false,false,false,false,"es-abstract@1.22.2"
"undefsafe","2.0.5","-","-","-","-","-","-",false,true,false,false,false,"nodemon@3.0.1"
"untildify","4.0.0","-","-","-","-","-","-",false,true,false,false,false,"default-browser-id@3.0.0"
"uri-js","4.4.1","-","-","-","-","-","-",false,true,false,true,false,"ajv@6.12.6"
"url-template","2.0.8","3.1.0","git://github.com/bramstein/url-template.git","2016-07-07T13:51:39.665Z","bramstein (b.l.stein@gmail.com)","-","BSD",true,false,false,false,false,"googleapis-common@7.0.0"
"uuid","9.0.1","9.0.1","git+https://github.com/uuidjs/uuid.git","2023-09-12T08:56:35.205Z","ctavan (dev@tavan.de)",123288,"MIT",true,false,false,false,false,"googleapis-common@7.0.0"
"web-streams-polyfill","4.0.0-beta.3","3.2.1","git+https://github.com/MattiasBuelens/web-streams-polyfill.git","2022-05-24T19:52:20.773Z","mattiasbuelens (mattias.buelens@gmail.com)",422901,"MIT",true,false,false,false,false,"formdata-node@5.0.1"
"webidl-conversions","3.0.1","7.0.0","git+https://github.com/jsdom/webidl-conversions.git","2016-01-04T06:08:05.108Z","sebmaster (sebmaster16@gmail.com)","-","BSD-2-Clause",true,false,false,false,false,"whatwg-url@5.0.0"
"whatwg-url","5.0.0","13.0.0","git+https://github.com/jsdom/whatwg-url.git","2017-05-26T20:56:41.955Z","domenic (d@domenic.me)","-","MIT",true,false,false,false,false,"node-fetch@2.7.0"
"which","2.0.2","-","-","-","-","-","-",false,true,false,true,false,"cross-spawn@7.0.3"
"which-boxed-primitive","1.0.2","1.0.2","git+https://github.com/inspect-js/which-boxed-primitive.git","2020-12-14T22:36:48.931Z","ljharb (ljharb@gmail.com)",15028,"MIT",true,false,false,false,false,"unbox-primitive@1.0.2"
"which-typed-array","1.1.11","1.1.11","git://github.com/inspect-js/which-typed-array.git","2023-07-18T02:53:12.209Z","ljharb (ljharb@gmail.com)",33757,"MIT",true,false,false,false,false,"es-abstract@1.22.2,is-typed-array@1.1.12"
"wrappy","1.0.2","-","-","-","-","-","-",false,true,false,true,false,"inflight@1.0.6,once@1.4.0"
"yallist","4.0.0","4.0.0","git+https://github.com/isaacs/yallist.git","2019-09-30T20:08:08.970Z","isaacs (i@izs.me)",14752,"ISC",true,false,false,false,false,"minipass@3.3.6,lru-cache@6.0.0,minizlib@2.1.2,tar@6.2.0"
"yocto-queue","0.1.0","-","-","-","-","-","-",false,true,false,true,false,"p-limit@3.1.0"